Model,run_id,cv_r2,cv_mae,cv_rmse
XGBoost,33bf522da2984b7bbd5fb3df61ff3cb8,0.594085,37.556977,89.181308
SVR,afc8abcd13b9401582cd865d9f7c5e5a,0.546174,39.036746,94.29768
Lasso Regression,e192468dd48146d5ba10d1b717aa3453,0.383716,53.35437,109.887173
Decision Tree,1b73220724ca48aa9f88df610aed8b45,0.364711,45.255521,111.568682
Ridge Regression,e1c96b8a949b4e1597bd6b0af0e82143,0.293178,60.135646,117.682372
Random Forest,185f6b5fa8d0479caa20cb4b780da3ef,0.284877,54.033026,118.371421
Neural Network,8a342e83058548b3b68217d9865e787b,-0.492778,64.722755,171.02283
