Model,run_id,cv_r2,cv_mae,cv_rmse
XGBoost,879caadd83da4db3904646662f3884f2,0.594085,37.556977,89.181308
SVR,097df7e43f4b449fa57d50a270b0dbd3,0.546174,39.036746,94.29768
Lasso Regression,4bef100207e3439687ee962827d80496,0.383716,53.35437,109.887173
Decision Tree,126f6406ecc34b63898341aa5bb14d4e,0.364711,45.255521,111.568682
Ridge Regression,17c5e3774610455b9ba1216f93ed69c8,0.293178,60.135646,117.682372
Random Forest,feb8bc3515dc430082934e1e8e9c8f7e,0.284877,54.033026,118.371421
Neural Network,deb555d5c02c48739c58ea0ba2f82060,-0.492778,64.722755,171.02283
